{
    "forge_marker": 1,
    "defaults": {
      "model": "xtones:lamp_flat"
    },
    "variants": {
      "active": {
        "true": {
          "textures": { "top": "xtones:blocks/lamp_flat/lamp_up_on",
           "emissive": "xtones:blocks/lamp_flat/lamp_up_on_emissive" }
        },
        "false": {
          "textures": { "top": "xtones:blocks/lamp_flat/lamp_up_off", "emissive": "xtones:blocks/lamp_flat/lamp_up_off_emissive" }
        }
      },
      "facing": {
        "north": { "x": 90 },
        "east": { "x": 90, "y": 90 },
        "south": { "x": 90, "y": 180 },
        "west": { "x": 90, "y": 270 },
        "up": { },
        "down": { "x": 180 }
      }
    }
  }
